#group,false,false,true,true,false,false,true,true,true,true
#datatype,string,long,dateTime:RFC3339,dateTime:RFC3339,dateTime:RFC3339,double,string,string,string,string
#default,mean,,,,,,,,,
,result,table,_start,_stop,_time,_value,Name,Type,_field,_measurement
,,0,2021-06-15T07:54:59.72430386Z,2021-06-15T08:54:59.72430386Z,2021-06-15T08:50:47Z,100,BOC01T001,Analog,Quality,Tags
,,0,2021-06-15T07:54:59.72430386Z,2021-06-15T08:54:59.72430386Z,2021-06-15T08:50:48Z,100,BOC01T001,Analog,Quality,Tags
,,0,2021-06-15T07:54:59.72430386Z,2021-06-15T08:54:59.72430386Z,2021-06-15T08:50:49Z,100,BOC01T001,Analog,Quality,Tags
,,0,2021-06-15T07:54:59.72430386Z,2021-06-15T08:54:59.72430386Z,2021-06-15T08:50:50Z,100,BOC01T001,Analog,Quality,Tags
,,0,2021-06-15T07:54:59.72430386Z,2021-06-15T08:54:59.72430386Z,2021-06-15T08:50:51Z,100,BOC01T001,Analog,Quality,Tags
,,0,2021-06-15T07:54:59.72430386Z,2021-06-15T08:54:59.72430386Z,2021-06-15T08:50:52Z,100,BOC01T001,Analog,Quality,Tags
,,0,2021-06-15T07:54:59.72430386Z,2021-06-15T08:54:59.72430386Z,2021-06-15T08:50:53Z,100,BOC01T001,Analog,Quality,Tags
,,0,2021-06-15T07:54:59.72430386Z,2021-06-15T08:54:59.72430386Z,2021-06-15T08:50:54Z,100,BOC01T001,Analog,Quality,Tags
,,0,2021-06-15T07:54:59.72430386Z,2021-06-15T08:54:59.72430386Z,2021-06-15T08:50:55Z,100,BOC01T001,Analog,Quality,Tags
,,0,2021-06-15T07:54:59.72430386Z,2021-06-15T08:54:59.72430386Z,2021-06-15T08:50:56Z,100,BOC01T001,Analog,Quality,Tags
,,0,2021-06-15T07:54:59.72430386Z,2021-06-15T08:54:59.72430386Z,2021-06-15T08:50:57Z,100,BOC01T001,Analog,Quality,Tags
,,0,2021-06-15T07:54:59.72430386Z,2021-06-15T08:54:59.72430386Z,2021-06-15T08:50:58Z,100,BOC01T001,Analog,Quality,Tags
,,0,2021-06-15T07:54:59.72430386Z,2021-06-15T08:54:59.72430386Z,2021-06-15T08:50:59Z,100,BOC01T001,Analog,Quality,Tags
,,0,2021-06-15T07:54:59.72430386Z,2021-06-15T08:54:59.72430386Z,2021-06-15T08:51:00Z,100,BOC01T001,Analog,Quality,Tags
,,0,2021-06-15T07:54:59.72430386Z,2021-06-15T08:54:59.72430386Z,2021-06-15T08:51:01Z,100,BOC01T001,Analog,Quality,Tags
,,0,2021-06-15T07:54:59.72430386Z,2021-06-15T08:54:59.72430386Z,2021-06-15T08:51:02Z,100,BOC01T001,Analog,Quality,Tags
,,0,2021-06-15T07:54:59.72430386Z,2021-06-15T08:54:59.72430386Z,2021-06-15T08:51:03Z,100,BOC01T001,Analog,Quality,Tags
,,0,2021-06-15T07:54:59.72430386Z,2021-06-15T08:54:59.72430386Z,2021-06-15T08:51:04Z,100,BOC01T001,Analog,Quality,Tags
,,0,2021-06-15T07:54:59.72430386Z,2021-06-15T08:54:59.72430386Z,2021-06-15T08:51:05Z,100,BOC01T001,Analog,Quality,Tags
,,0,2021-06-15T07:54:59.72430386Z,2021-06-15T08:54:59.72430386Z,2021-06-15T08:51:06Z,100,BOC01T001,Analog,Quality,Tags
,,0,2021-06-15T07:54:59.72430386Z,2021-06-15T08:54:59.72430386Z,2021-06-15T08:51:07Z,100,BOC01T001,Analog,Quality,Tags
,,0,2021-06-15T07:54:59.72430386Z,2021-06-15T08:54:59.72430386Z,2021-06-15T08:51:08Z,100,BOC01T001,Analog,Quality,Tags
,,0,2021-06-15T07:54:59.72430386Z,2021-06-15T08:54:59.72430386Z,2021-06-15T08:51:09Z,100,BOC01T001,Analog,Quality,Tags
,,0,2021-06-15T07:54:59.72430386Z,2021-06-15T08:54:59.72430386Z,2021-06-15T08:51:10Z,100,BOC01T001,Analog,Quality,Tags
,,0,2021-06-15T07:54:59.72430386Z,2021-06-15T08:54:59.72430386Z,2021-06-15T08:51:11Z,100,BOC01T001,Analog,Quality,Tags
,,0,2021-06-15T07:54:59.72430386Z,2021-06-15T08:54:59.72430386Z,2021-06-15T08:51:12Z,100,BOC01T001,Analog,Quality,Tags
,,0,2021-06-15T07:54:59.72430386Z,2021-06-15T08:54:59.72430386Z,2021-06-15T08:51:13Z,100,BOC01T001,Analog,Quality,Tags
,,0,2021-06-15T07:54:59.72430386Z,2021-06-15T08:54:59.72430386Z,2021-06-15T08:51:14Z,100,BOC01T001,Analog,Quality,Tags
,,0,2021-06-15T07:54:59.72430386Z,2021-06-15T08:54:59.72430386Z,2021-06-15T08:51:15Z,100,BOC01T001,Analog,Quality,Tags
,,0,2021-06-15T07:54:59.72430386Z,2021-06-15T08:54:59.72430386Z,2021-06-15T08:51:16Z,100,BOC01T001,Analog,Quality,Tags
,,0,2021-06-15T07:54:59.72430386Z,2021-06-15T08:54:59.72430386Z,2021-06-15T08:51:17Z,100,BOC01T001,Analog,Quality,Tags
,,0,2021-06-15T07:54:59.72430386Z,2021-06-15T08:54:59.72430386Z,2021-06-15T08:51:18Z,100,BOC01T001,Analog,Quality,Tags
,,0,2021-06-15T07:54:59.72430386Z,2021-06-15T08:54:59.72430386Z,2021-06-15T08:51:19Z,100,BOC01T001,Analog,Quality,Tags
,,0,2021-06-15T07:54:59.72430386Z,2021-06-15T08:54:59.72430386Z,2021-06-15T08:51:20Z,100,BOC01T001,Analog,Quality,Tags
,,0,2021-06-15T07:54:59.72430386Z,2021-06-15T08:54:59.72430386Z,2021-06-15T08:51:21Z,100,BOC01T001,Analog,Quality,Tags
,,0,2021-06-15T07:54:59.72430386Z,2021-06-15T08:54:59.72430386Z,2021-06-15T08:51:22Z,100,BOC01T001,Analog,Quality,Tags
,,0,2021-06-15T07:54:59.72430386Z,2021-06-15T08:54:59.72430386Z,2021-06-15T08:51:23Z,100,BOC01T001,Analog,Quality,Tags
,,0,2021-06-15T07:54:59.72430386Z,2021-06-15T08:54:59.72430386Z,2021-06-15T08:51:24Z,100,BOC01T001,Analog,Quality,Tags
,,0,2021-06-15T07:54:59.72430386Z,2021-06-15T08:54:59.72430386Z,2021-06-15T08:51:25Z,100,BOC01T001,Analog,Quality,Tags
,,0,2021-06-15T07:54:59.72430386Z,2021-06-15T08:54:59.72430386Z,2021-06-15T08:51:26Z,100,BOC01T001,Analog,Quality,Tags
,,0,2021-06-15T07:54:59.72430386Z,2021-06-15T08:54:59.72430386Z,2021-06-15T08:51:27Z,100,BOC01T001,Analog,Quality,Tags
,,0,2021-06-15T07:54:59.72430386Z,2021-06-15T08:54:59.72430386Z,2021-06-15T08:51:28Z,100,BOC01T001,Analog,Quality,Tags
,,0,2021-06-15T07:54:59.72430386Z,2021-06-15T08:54:59.72430386Z,2021-06-15T08:51:29Z,100,BOC01T001,Analog,Quality,Tags
,,0,2021-06-15T07:54:59.72430386Z,2021-06-15T08:54:59.72430386Z,2021-06-15T08:51:30Z,100,BOC01T001,Analog,Quality,Tags
,,0,2021-06-15T07:54:59.72430386Z,2021-06-15T08:54:59.72430386Z,2021-06-15T08:51:31Z,100,BOC01T001,Analog,Quality,Tags
,,0,2021-06-15T07:54:59.72430386Z,2021-06-15T08:54:59.72430386Z,2021-06-15T08:51:32Z,100,BOC01T001,Analog,Quality,Tags
,,0,2021-06-15T07:54:59.72430386Z,2021-06-15T08:54:59.72430386Z,2021-06-15T08:51:33Z,100,BOC01T001,Analog,Quality,Tags
,,0,2021-06-15T07:54:59.72430386Z,2021-06-15T08:54:59.72430386Z,2021-06-15T08:51:34Z,100,BOC01T001,Analog,Quality,Tags
,,0,2021-06-15T07:54:59.72430386Z,2021-06-15T08:54:59.72430386Z,2021-06-15T08:51:35Z,100,BOC01T001,Analog,Quality,Tags
,,0,2021-06-15T07:54:59.72430386Z,2021-06-15T08:54:59.72430386Z,2021-06-15T08:51:36Z,100,BOC01T001,Analog,Quality,Tags
,,0,2021-06-15T07:54:59.72430386Z,2021-06-15T08:54:59.72430386Z,2021-06-15T08:51:37Z,100,BOC01T001,Analog,Quality,Tags
,,0,2021-06-15T07:54:59.72430386Z,2021-06-15T08:54:59.72430386Z,2021-06-15T08:51:38Z,100,BOC01T001,Analog,Quality,Tags
,,0,2021-06-15T07:54:59.72430386Z,2021-06-15T08:54:59.72430386Z,2021-06-15T08:51:39Z,100,BOC01T001,Analog,Quality,Tags
,,0,2021-06-15T07:54:59.72430386Z,2021-06-15T08:54:59.72430386Z,2021-06-15T08:51:40Z,100,BOC01T001,Analog,Quality,Tags
,,0,2021-06-15T07:54:59.72430386Z,2021-06-15T08:54:59.72430386Z,2021-06-15T08:51:41Z,100,BOC01T001,Analog,Quality,Tags
,,0,2021-06-15T07:54:59.72430386Z,2021-06-15T08:54:59.72430386Z,2021-06-15T08:51:42Z,100,BOC01T001,Analog,Quality,Tags
,,0,2021-06-15T07:54:59.72430386Z,2021-06-15T08:54:59.72430386Z,2021-06-15T08:51:43Z,100,BOC01T001,Analog,Quality,Tags
,,0,2021-06-15T07:54:59.72430386Z,2021-06-15T08:54:59.72430386Z,2021-06-15T08:51:44Z,100,BOC01T001,Analog,Quality,Tags
,,0,2021-06-15T07:54:59.72430386Z,2021-06-15T08:54:59.72430386Z,2021-06-15T08:51:45Z,100,BOC01T001,Analog,Quality,Tags
,,0,2021-06-15T07:54:59.72430386Z,2021-06-15T08:54:59.72430386Z,2021-06-15T08:51:46Z,100,BOC01T001,Analog,Quality,Tags
,,0,2021-06-15T07:54:59.72430386Z,2021-06-15T08:54:59.72430386Z,2021-06-15T08:51:47Z,100,BOC01T001,Analog,Quality,Tags
,,0,2021-06-15T07:54:59.72430386Z,2021-06-15T08:54:59.72430386Z,2021-06-15T08:51:48Z,100,BOC01T001,Analog,Quality,Tags
,,0,2021-06-15T07:54:59.72430386Z,2021-06-15T08:54:59.72430386Z,2021-06-15T08:51:49Z,100,BOC01T001,Analog,Quality,Tags
,,0,2021-06-15T07:54:59.72430386Z,2021-06-15T08:54:59.72430386Z,2021-06-15T08:51:50Z,100,BOC01T001,Analog,Quality,Tags
,,0,2021-06-15T07:54:59.72430386Z,2021-06-15T08:54:59.72430386Z,2021-06-15T08:51:51Z,100,BOC01T001,Analog,Quality,Tags
,,0,2021-06-15T07:54:59.72430386Z,2021-06-15T08:54:59.72430386Z,2021-06-15T08:51:52Z,100,BOC01T001,Analog,Quality,Tags
,,0,2021-06-15T07:54:59.72430386Z,2021-06-15T08:54:59.72430386Z,2021-06-15T08:51:53Z,100,BOC01T001,Analog,Quality,Tags
,,0,2021-06-15T07:54:59.72430386Z,2021-06-15T08:54:59.72430386Z,2021-06-15T08:51:54Z,100,BOC01T001,Analog,Quality,Tags
,,0,2021-06-15T07:54:59.72430386Z,2021-06-15T08:54:59.72430386Z,2021-06-15T08:51:55Z,100,BOC01T001,Analog,Quality,Tags
,,0,2021-06-15T07:54:59.72430386Z,2021-06-15T08:54:59.72430386Z,2021-06-15T08:51:56Z,100,BOC01T001,Analog,Quality,Tags
,,0,2021-06-15T07:54:59.72430386Z,2021-06-15T08:54:59.72430386Z,2021-06-15T08:51:57Z,100,BOC01T001,Analog,Quality,Tags
,,0,2021-06-15T07:54:59.72430386Z,2021-06-15T08:54:59.72430386Z,2021-06-15T08:51:58Z,100,BOC01T001,Analog,Quality,Tags
,,0,2021-06-15T07:54:59.72430386Z,2021-06-15T08:54:59.72430386Z,2021-06-15T08:51:59Z,100,BOC01T001,Analog,Quality,Tags
,,0,2021-06-15T07:54:59.72430386Z,2021-06-15T08:54:59.72430386Z,2021-06-15T08:52:00Z,100,BOC01T001,Analog,Quality,Tags
,,0,2021-06-15T07:54:59.72430386Z,2021-06-15T08:54:59.72430386Z,2021-06-15T08:52:01Z,100,BOC01T001,Analog,Quality,Tags
,,0,2021-06-15T07:54:59.72430386Z,2021-06-15T08:54:59.72430386Z,2021-06-15T08:52:02Z,100,BOC01T001,Analog,Quality,Tags
,,0,2021-06-15T07:54:59.72430386Z,2021-06-15T08:54:59.72430386Z,2021-06-15T08:52:03Z,100,BOC01T001,Analog,Quality,Tags
,,0,2021-06-15T07:54:59.72430386Z,2021-06-15T08:54:59.72430386Z,2021-06-15T08:52:04Z,100,BOC01T001,Analog,Quality,Tags
,,0,2021-06-15T07:54:59.72430386Z,2021-06-15T08:54:59.72430386Z,2021-06-15T08:52:05Z,100,BOC01T001,Analog,Quality,Tags
,,0,2021-06-15T07:54:59.72430386Z,2021-06-15T08:54:59.72430386Z,2021-06-15T08:52:06Z,100,BOC01T001,Analog,Quality,Tags
,,0,2021-06-15T07:54:59.72430386Z,2021-06-15T08:54:59.72430386Z,2021-06-15T08:52:07Z,100,BOC01T001,Analog,Quality,Tags
,,0,2021-06-15T07:54:59.72430386Z,2021-06-15T08:54:59.72430386Z,2021-06-15T08:52:08Z,100,BOC01T001,Analog,Quality,Tags
,,0,2021-06-15T07:54:59.72430386Z,2021-06-15T08:54:59.72430386Z,2021-06-15T08:52:09Z,100,BOC01T001,Analog,Quality,Tags
,,0,2021-06-15T07:54:59.72430386Z,2021-06-15T08:54:59.72430386Z,2021-06-15T08:52:10Z,100,BOC01T001,Analog,Quality,Tags
,,0,2021-06-15T07:54:59.72430386Z,2021-06-15T08:54:59.72430386Z,2021-06-15T08:52:11Z,100,BOC01T001,Analog,Quality,Tags
,,0,2021-06-15T07:54:59.72430386Z,2021-06-15T08:54:59.72430386Z,2021-06-15T08:52:12Z,100,BOC01T001,Analog,Quality,Tags
,,0,2021-06-15T07:54:59.72430386Z,2021-06-15T08:54:59.72430386Z,2021-06-15T08:52:13Z,100,BOC01T001,Analog,Quality,Tags
,,0,2021-06-15T07:54:59.72430386Z,2021-06-15T08:54:59.72430386Z,2021-06-15T08:52:14Z,100,BOC01T001,Analog,Quality,Tags
,,0,2021-06-15T07:54:59.72430386Z,2021-06-15T08:54:59.72430386Z,2021-06-15T08:52:15Z,100,BOC01T001,Analog,Quality,Tags
,,0,2021-06-15T07:54:59.72430386Z,2021-06-15T08:54:59.72430386Z,2021-06-15T08:52:16Z,100,BOC01T001,Analog,Quality,Tags
,,0,2021-06-15T07:54:59.72430386Z,2021-06-15T08:54:59.72430386Z,2021-06-15T08:52:17Z,100,BOC01T001,Analog,Quality,Tags
,,0,2021-06-15T07:54:59.72430386Z,2021-06-15T08:54:59.72430386Z,2021-06-15T08:52:18Z,100,BOC01T001,Analog,Quality,Tags
,,0,2021-06-15T07:54:59.72430386Z,2021-06-15T08:54:59.72430386Z,2021-06-15T08:52:19Z,100,BOC01T001,Analog,Quality,Tags
,,0,2021-06-15T07:54:59.72430386Z,2021-06-15T08:54:59.72430386Z,2021-06-15T08:52:20Z,100,BOC01T001,Analog,Quality,Tags
,,0,2021-06-15T07:54:59.72430386Z,2021-06-15T08:54:59.72430386Z,2021-06-15T08:52:21Z,100,BOC01T001,Analog,Quality,Tags
,,0,2021-06-15T07:54:59.72430386Z,2021-06-15T08:54:59.72430386Z,2021-06-15T08:52:22Z,100,BOC01T001,Analog,Quality,Tags
,,0,2021-06-15T07:54:59.72430386Z,2021-06-15T08:54:59.72430386Z,2021-06-15T08:52:23Z,100,BOC01T001,Analog,Quality,Tags
,,0,2021-06-15T07:54:59.72430386Z,2021-06-15T08:54:59.72430386Z,2021-06-15T08:52:24Z,100,BOC01T001,Analog,Quality,Tags
,,0,2021-06-15T07:54:59.72430386Z,2021-06-15T08:54:59.72430386Z,2021-06-15T08:52:25Z,100,BOC01T001,Analog,Quality,Tags
,,0,2021-06-15T07:54:59.72430386Z,2021-06-15T08:54:59.72430386Z,2021-06-15T08:52:55Z,100,BOC01T001,Analog,Quality,Tags
,,0,2021-06-15T07:54:59.72430386Z,2021-06-15T08:54:59.72430386Z,2021-06-15T08:52:56Z,100,BOC01T001,Analog,Quality,Tags
,,0,2021-06-15T07:54:59.72430386Z,2021-06-15T08:54:59.72430386Z,2021-06-15T08:52:57Z,100,BOC01T001,Analog,Quality,Tags
,,0,2021-06-15T07:54:59.72430386Z,2021-06-15T08:54:59.72430386Z,2021-06-15T08:52:58Z,100,BOC01T001,Analog,Quality,Tags
,,0,2021-06-15T07:54:59.72430386Z,2021-06-15T08:54:59.72430386Z,2021-06-15T08:52:59Z,100,BOC01T001,Analog,Quality,Tags
,,0,2021-06-15T07:54:59.72430386Z,2021-06-15T08:54:59.72430386Z,2021-06-15T08:53:00Z,100,BOC01T001,Analog,Quality,Tags
,,0,2021-06-15T07:54:59.72430386Z,2021-06-15T08:54:59.72430386Z,2021-06-15T08:53:01Z,100,BOC01T001,Analog,Quality,Tags
,,0,2021-06-15T07:54:59.72430386Z,2021-06-15T08:54:59.72430386Z,2021-06-15T08:53:02Z,100,BOC01T001,Analog,Quality,Tags
,,0,2021-06-15T07:54:59.72430386Z,2021-06-15T08:54:59.72430386Z,2021-06-15T08:53:03Z,100,BOC01T001,Analog,Quality,Tags
,,0,2021-06-15T07:54:59.72430386Z,2021-06-15T08:54:59.72430386Z,2021-06-15T08:53:04Z,100,BOC01T001,Analog,Quality,Tags
,,0,2021-06-15T07:54:59.72430386Z,2021-06-15T08:54:59.72430386Z,2021-06-15T08:53:05Z,100,BOC01T001,Analog,Quality,Tags
,,0,2021-06-15T07:54:59.72430386Z,2021-06-15T08:54:59.72430386Z,2021-06-15T08:53:06Z,100,BOC01T001,Analog,Quality,Tags
,,0,2021-06-15T07:54:59.72430386Z,2021-06-15T08:54:59.72430386Z,2021-06-15T08:53:07Z,100,BOC01T001,Analog,Quality,Tags
,,0,2021-06-15T07:54:59.72430386Z,2021-06-15T08:54:59.72430386Z,2021-06-15T08:53:08Z,100,BOC01T001,Analog,Quality,Tags
,,0,2021-06-15T07:54:59.72430386Z,2021-06-15T08:54:59.72430386Z,2021-06-15T08:53:09Z,100,BOC01T001,Analog,Quality,Tags
,,0,2021-06-15T07:54:59.72430386Z,2021-06-15T08:54:59.72430386Z,2021-06-15T08:53:10Z,100,BOC01T001,Analog,Quality,Tags
,,0,2021-06-15T07:54:59.72430386Z,2021-06-15T08:54:59.72430386Z,2021-06-15T08:53:11Z,100,BOC01T001,Analog,Quality,Tags
,,0,2021-06-15T07:54:59.72430386Z,2021-06-15T08:54:59.72430386Z,2021-06-15T08:53:12Z,100,BOC01T001,Analog,Quality,Tags
,,0,2021-06-15T07:54:59.72430386Z,2021-06-15T08:54:59.72430386Z,2021-06-15T08:53:13Z,100,BOC01T001,Analog,Quality,Tags
,,0,2021-06-15T07:54:59.72430386Z,2021-06-15T08:54:59.72430386Z,2021-06-15T08:53:14Z,100,BOC01T001,Analog,Quality,Tags
,,0,2021-06-15T07:54:59.72430386Z,2021-06-15T08:54:59.72430386Z,2021-06-15T08:53:15Z,100,BOC01T001,Analog,Quality,Tags
,,0,2021-06-15T07:54:59.72430386Z,2021-06-15T08:54:59.72430386Z,2021-06-15T08:53:16Z,100,BOC01T001,Analog,Quality,Tags
,,0,2021-06-15T07:54:59.72430386Z,2021-06-15T08:54:59.72430386Z,2021-06-15T08:53:17Z,100,BOC01T001,Analog,Quality,Tags
,,0,2021-06-15T07:54:59.72430386Z,2021-06-15T08:54:59.72430386Z,2021-06-15T08:53:18Z,100,BOC01T001,Analog,Quality,Tags
,,0,2021-06-15T07:54:59.72430386Z,2021-06-15T08:54:59.72430386Z,2021-06-15T08:53:19Z,100,BOC01T001,Analog,Quality,Tags
,,0,2021-06-15T07:54:59.72430386Z,2021-06-15T08:54:59.72430386Z,2021-06-15T08:53:20Z,100,BOC01T001,Analog,Quality,Tags
,,0,2021-06-15T07:54:59.72430386Z,2021-06-15T08:54:59.72430386Z,2021-06-15T08:53:21Z,100,BOC01T001,Analog,Quality,Tags
,,0,2021-06-15T07:54:59.72430386Z,2021-06-15T08:54:59.72430386Z,2021-06-15T08:53:22Z,100,BOC01T001,Analog,Quality,Tags
,,0,2021-06-15T07:54:59.72430386Z,2021-06-15T08:54:59.72430386Z,2021-06-15T08:53:23Z,100,BOC01T001,Analog,Quality,Tags
,,0,2021-06-15T07:54:59.72430386Z,2021-06-15T08:54:59.72430386Z,2021-06-15T08:53:24Z,100,BOC01T001,Analog,Quality,Tags
,,0,2021-06-15T07:54:59.72430386Z,2021-06-15T08:54:59.72430386Z,2021-06-15T08:53:25Z,100,BOC01T001,Analog,Quality,Tags
,,0,2021-06-15T07:54:59.72430386Z,2021-06-15T08:54:59.72430386Z,2021-06-15T08:53:26Z,100,BOC01T001,Analog,Quality,Tags
,,0,2021-06-15T07:54:59.72430386Z,2021-06-15T08:54:59.72430386Z,2021-06-15T08:53:27Z,100,BOC01T001,Analog,Quality,Tags
,,0,2021-06-15T07:54:59.72430386Z,2021-06-15T08:54:59.72430386Z,2021-06-15T08:53:28Z,100,BOC01T001,Analog,Quality,Tags
,,0,2021-06-15T07:54:59.72430386Z,2021-06-15T08:54:59.72430386Z,2021-06-15T08:53:29Z,100,BOC01T001,Analog,Quality,Tags
,,0,2021-06-15T07:54:59.72430386Z,2021-06-15T08:54:59.72430386Z,2021-06-15T08:53:30Z,100,BOC01T001,Analog,Quality,Tags
,,0,2021-06-15T07:54:59.72430386Z,2021-06-15T08:54:59.72430386Z,2021-06-15T08:53:31Z,100,BOC01T001,Analog,Quality,Tags
,,0,2021-06-15T07:54:59.72430386Z,2021-06-15T08:54:59.72430386Z,2021-06-15T08:53:32Z,100,BOC01T001,Analog,Quality,Tags
,,0,2021-06-15T07:54:59.72430386Z,2021-06-15T08:54:59.72430386Z,2021-06-15T08:53:33Z,100,BOC01T001,Analog,Quality,Tags
,,0,2021-06-15T07:54:59.72430386Z,2021-06-15T08:54:59.72430386Z,2021-06-15T08:53:34Z,100,BOC01T001,Analog,Quality,Tags
,,0,2021-06-15T07:54:59.72430386Z,2021-06-15T08:54:59.72430386Z,2021-06-15T08:53:35Z,100,BOC01T001,Analog,Quality,Tags
,,0,2021-06-15T07:54:59.72430386Z,2021-06-15T08:54:59.72430386Z,2021-06-15T08:53:36Z,100,BOC01T001,Analog,Quality,Tags
,,0,2021-06-15T07:54:59.72430386Z,2021-06-15T08:54:59.72430386Z,2021-06-15T08:53:37Z,100,BOC01T001,Analog,Quality,Tags
,,0,2021-06-15T07:54:59.72430386Z,2021-06-15T08:54:59.72430386Z,2021-06-15T08:53:38Z,100,BOC01T001,Analog,Quality,Tags
,,0,2021-06-15T07:54:59.72430386Z,2021-06-15T08:54:59.72430386Z,2021-06-15T08:53:39Z,100,BOC01T001,Analog,Quality,Tags
,,0,2021-06-15T07:54:59.72430386Z,2021-06-15T08:54:59.72430386Z,2021-06-15T08:53:40Z,100,BOC01T001,Analog,Quality,Tags
,,0,2021-06-15T07:54:59.72430386Z,2021-06-15T08:54:59.72430386Z,2021-06-15T08:53:41Z,100,BOC01T001,Analog,Quality,Tags
,,0,2021-06-15T07:54:59.72430386Z,2021-06-15T08:54:59.72430386Z,2021-06-15T08:53:42Z,100,BOC01T001,Analog,Quality,Tags
,,0,2021-06-15T07:54:59.72430386Z,2021-06-15T08:54:59.72430386Z,2021-06-15T08:53:43Z,100,BOC01T001,Analog,Quality,Tags
,,0,2021-06-15T07:54:59.72430386Z,2021-06-15T08:54:59.72430386Z,2021-06-15T08:53:44Z,100,BOC01T001,Analog,Quality,Tags
,,0,2021-06-15T07:54:59.72430386Z,2021-06-15T08:54:59.72430386Z,2021-06-15T08:53:45Z,100,BOC01T001,Analog,Quality,Tags
,,0,2021-06-15T07:54:59.72430386Z,2021-06-15T08:54:59.72430386Z,2021-06-15T08:53:46Z,100,BOC01T001,Analog,Quality,Tags
,,0,2021-06-15T07:54:59.72430386Z,2021-06-15T08:54:59.72430386Z,2021-06-15T08:53:47Z,100,BOC01T001,Analog,Quality,Tags
,,0,2021-06-15T07:54:59.72430386Z,2021-06-15T08:54:59.72430386Z,2021-06-15T08:53:48Z,100,BOC01T001,Analog,Quality,Tags
,,0,2021-06-15T07:54:59.72430386Z,2021-06-15T08:54:59.72430386Z,2021-06-15T08:53:49Z,100,BOC01T001,Analog,Quality,Tags
,,0,2021-06-15T07:54:59.72430386Z,2021-06-15T08:54:59.72430386Z,2021-06-15T08:53:50Z,100,BOC01T001,Analog,Quality,Tags
,,0,2021-06-15T07:54:59.72430386Z,2021-06-15T08:54:59.72430386Z,2021-06-15T08:53:51Z,100,BOC01T001,Analog,Quality,Tags
,,0,2021-06-15T07:54:59.72430386Z,2021-06-15T08:54:59.72430386Z,2021-06-15T08:53:52Z,100,BOC01T001,Analog,Quality,Tags
,,0,2021-06-15T07:54:59.72430386Z,2021-06-15T08:54:59.72430386Z,2021-06-15T08:53:53Z,100,BOC01T001,Analog,Quality,Tags
,,0,2021-06-15T07:54:59.72430386Z,2021-06-15T08:54:59.72430386Z,2021-06-15T08:53:54Z,100,BOC01T001,Analog,Quality,Tags
,,0,2021-06-15T07:54:59.72430386Z,2021-06-15T08:54:59.72430386Z,2021-06-15T08:53:55Z,100,BOC01T001,Analog,Quality,Tags
,,0,2021-06-15T07:54:59.72430386Z,2021-06-15T08:54:59.72430386Z,2021-06-15T08:53:56Z,100,BOC01T001,Analog,Quality,Tags
,,0,2021-06-15T07:54:59.72430386Z,2021-06-15T08:54:59.72430386Z,2021-06-15T08:53:57Z,100,BOC01T001,Analog,Quality,Tags
,,0,2021-06-15T07:54:59.72430386Z,2021-06-15T08:54:59.72430386Z,2021-06-15T08:53:58Z,100,BOC01T001,Analog,Quality,Tags
,,0,2021-06-15T07:54:59.72430386Z,2021-06-15T08:54:59.72430386Z,2021-06-15T08:53:59Z,100,BOC01T001,Analog,Quality,Tags
,,0,2021-06-15T07:54:59.72430386Z,2021-06-15T08:54:59.72430386Z,2021-06-15T08:54:00Z,100,BOC01T001,Analog,Quality,Tags
,,0,2021-06-15T07:54:59.72430386Z,2021-06-15T08:54:59.72430386Z,2021-06-15T08:54:01Z,100,BOC01T001,Analog,Quality,Tags
,,0,2021-06-15T07:54:59.72430386Z,2021-06-15T08:54:59.72430386Z,2021-06-15T08:54:02Z,100,BOC01T001,Analog,Quality,Tags
,,0,2021-06-15T07:54:59.72430386Z,2021-06-15T08:54:59.72430386Z,2021-06-15T08:54:03Z,100,BOC01T001,Analog,Quality,Tags
,,0,2021-06-15T07:54:59.72430386Z,2021-06-15T08:54:59.72430386Z,2021-06-15T08:54:04Z,100,BOC01T001,Analog,Quality,Tags
,,0,2021-06-15T07:54:59.72430386Z,2021-06-15T08:54:59.72430386Z,2021-06-15T08:54:05Z,100,BOC01T001,Analog,Quality,Tags
,,0,2021-06-15T07:54:59.72430386Z,2021-06-15T08:54:59.72430386Z,2021-06-15T08:54:06Z,100,BOC01T001,Analog,Quality,Tags
,,0,2021-06-15T07:54:59.72430386Z,2021-06-15T08:54:59.72430386Z,2021-06-15T08:54:07Z,100,BOC01T001,Analog,Quality,Tags
,,0,2021-06-15T07:54:59.72430386Z,2021-06-15T08:54:59.72430386Z,2021-06-15T08:54:08Z,100,BOC01T001,Analog,Quality,Tags
,,0,2021-06-15T07:54:59.72430386Z,2021-06-15T08:54:59.72430386Z,2021-06-15T08:54:09Z,100,BOC01T001,Analog,Quality,Tags
,,0,2021-06-15T07:54:59.72430386Z,2021-06-15T08:54:59.72430386Z,2021-06-15T08:54:10Z,100,BOC01T001,Analog,Quality,Tags
,,0,2021-06-15T07:54:59.72430386Z,2021-06-15T08:54:59.72430386Z,2021-06-15T08:54:11Z,100,BOC01T001,Analog,Quality,Tags
,,0,2021-06-15T07:54:59.72430386Z,2021-06-15T08:54:59.72430386Z,2021-06-15T08:54:12Z,100,BOC01T001,Analog,Quality,Tags
,,0,2021-06-15T07:54:59.72430386Z,2021-06-15T08:54:59.72430386Z,2021-06-15T08:54:13Z,100,BOC01T001,Analog,Quality,Tags
,,0,2021-06-15T07:54:59.72430386Z,2021-06-15T08:54:59.72430386Z,2021-06-15T08:54:14Z,100,BOC01T001,Analog,Quality,Tags
,,0,2021-06-15T07:54:59.72430386Z,2021-06-15T08:54:59.72430386Z,2021-06-15T08:54:15Z,100,BOC01T001,Analog,Quality,Tags
,,0,2021-06-15T07:54:59.72430386Z,2021-06-15T08:54:59.72430386Z,2021-06-15T08:54:16Z,100,BOC01T001,Analog,Quality,Tags
,,0,2021-06-15T07:54:59.72430386Z,2021-06-15T08:54:59.72430386Z,2021-06-15T08:54:17Z,100,BOC01T001,Analog,Quality,Tags
,,0,2021-06-15T07:54:59.72430386Z,2021-06-15T08:54:59.72430386Z,2021-06-15T08:54:18Z,100,BOC01T001,Analog,Quality,Tags
,,0,2021-06-15T07:54:59.72430386Z,2021-06-15T08:54:59.72430386Z,2021-06-15T08:54:19Z,100,BOC01T001,Analog,Quality,Tags
,,0,2021-06-15T07:54:59.72430386Z,2021-06-15T08:54:59.72430386Z,2021-06-15T08:54:20Z,100,BOC01T001,Analog,Quality,Tags
,,0,2021-06-15T07:54:59.72430386Z,2021-06-15T08:54:59.72430386Z,2021-06-15T08:54:21Z,100,BOC01T001,Analog,Quality,Tags
,,0,2021-06-15T07:54:59.72430386Z,2021-06-15T08:54:59.72430386Z,2021-06-15T08:54:22Z,100,BOC01T001,Analog,Quality,Tags
,,0,2021-06-15T07:54:59.72430386Z,2021-06-15T08:54:59.72430386Z,2021-06-15T08:54:23Z,100,BOC01T001,Analog,Quality,Tags
,,0,2021-06-15T07:54:59.72430386Z,2021-06-15T08:54:59.72430386Z,2021-06-15T08:54:24Z,100,BOC01T001,Analog,Quality,Tags
,,0,2021-06-15T07:54:59.72430386Z,2021-06-15T08:54:59.72430386Z,2021-06-15T08:54:25Z,100,BOC01T001,Analog,Quality,Tags
,,0,2021-06-15T07:54:59.72430386Z,2021-06-15T08:54:59.72430386Z,2021-06-15T08:54:26Z,100,BOC01T001,Analog,Quality,Tags
,,0,2021-06-15T07:54:59.72430386Z,2021-06-15T08:54:59.72430386Z,2021-06-15T08:54:27Z,100,BOC01T001,Analog,Quality,Tags
,,0,2021-06-15T07:54:59.72430386Z,2021-06-15T08:54:59.72430386Z,2021-06-15T08:54:28Z,100,BOC01T001,Analog,Quality,Tags
,,0,2021-06-15T07:54:59.72430386Z,2021-06-15T08:54:59.72430386Z,2021-06-15T08:54:29Z,100,BOC01T001,Analog,Quality,Tags
,,0,2021-06-15T07:54:59.72430386Z,2021-06-15T08:54:59.72430386Z,2021-06-15T08:54:30Z,100,BOC01T001,Analog,Quality,Tags
,,0,2021-06-15T07:54:59.72430386Z,2021-06-15T08:54:59.72430386Z,2021-06-15T08:54:31Z,100,BOC01T001,Analog,Quality,Tags
,,0,2021-06-15T07:54:59.72430386Z,2021-06-15T08:54:59.72430386Z,2021-06-15T08:54:32Z,100,BOC01T001,Analog,Quality,Tags
,,0,2021-06-15T07:54:59.72430386Z,2021-06-15T08:54:59.72430386Z,2021-06-15T08:54:33Z,100,BOC01T001,Analog,Quality,Tags
,,0,2021-06-15T07:54:59.72430386Z,2021-06-15T08:54:59.72430386Z,2021-06-15T08:54:34Z,100,BOC01T001,Analog,Quality,Tags
,,0,2021-06-15T07:54:59.72430386Z,2021-06-15T08:54:59.72430386Z,2021-06-15T08:54:35Z,100,BOC01T001,Analog,Quality,Tags
,,0,2021-06-15T07:54:59.72430386Z,2021-06-15T08:54:59.72430386Z,2021-06-15T08:54:36Z,100,BOC01T001,Analog,Quality,Tags
,,0,2021-06-15T07:54:59.72430386Z,2021-06-15T08:54:59.72430386Z,2021-06-15T08:54:37Z,100,BOC01T001,Analog,Quality,Tags
,,0,2021-06-15T07:54:59.72430386Z,2021-06-15T08:54:59.72430386Z,2021-06-15T08:54:38Z,100,BOC01T001,Analog,Quality,Tags
,,0,2021-06-15T07:54:59.72430386Z,2021-06-15T08:54:59.72430386Z,2021-06-15T08:54:39Z,100,BOC01T001,Analog,Quality,Tags
,,0,2021-06-15T07:54:59.72430386Z,2021-06-15T08:54:59.72430386Z,2021-06-15T08:54:40Z,100,BOC01T001,Analog,Quality,Tags
,,0,2021-06-15T07:54:59.72430386Z,2021-06-15T08:54:59.72430386Z,2021-06-15T08:54:41Z,100,BOC01T001,Analog,Quality,Tags
,,0,2021-06-15T07:54:59.72430386Z,2021-06-15T08:54:59.72430386Z,2021-06-15T08:54:42Z,100,BOC01T001,Analog,Quality,Tags
,,0,2021-06-15T07:54:59.72430386Z,2021-06-15T08:54:59.72430386Z,2021-06-15T08:54:43Z,100,BOC01T001,Analog,Quality,Tags
,,0,2021-06-15T07:54:59.72430386Z,2021-06-15T08:54:59.72430386Z,2021-06-15T08:54:44Z,100,BOC01T001,Analog,Quality,Tags
,,0,2021-06-15T07:54:59.72430386Z,2021-06-15T08:54:59.72430386Z,2021-06-15T08:54:45Z,100,BOC01T001,Analog,Quality,Tags
,,0,2021-06-15T07:54:59.72430386Z,2021-06-15T08:54:59.72430386Z,2021-06-15T08:54:46Z,100,BOC01T001,Analog,Quality,Tags
,,0,2021-06-15T07:54:59.72430386Z,2021-06-15T08:54:59.72430386Z,2021-06-15T08:54:47Z,100,BOC01T001,Analog,Quality,Tags
,,0,2021-06-15T07:54:59.72430386Z,2021-06-15T08:54:59.72430386Z,2021-06-15T08:54:48Z,100,BOC01T001,Analog,Quality,Tags
,,0,2021-06-15T07:54:59.72430386Z,2021-06-15T08:54:59.72430386Z,2021-06-15T08:54:49Z,100,BOC01T001,Analog,Quality,Tags
,,0,2021-06-15T07:54:59.72430386Z,2021-06-15T08:54:59.72430386Z,2021-06-15T08:54:50Z,100,BOC01T001,Analog,Quality,Tags
,,0,2021-06-15T07:54:59.72430386Z,2021-06-15T08:54:59.72430386Z,2021-06-15T08:54:51Z,100,BOC01T001,Analog,Quality,Tags
,,0,2021-06-15T07:54:59.72430386Z,2021-06-15T08:54:59.72430386Z,2021-06-15T08:54:52Z,100,BOC01T001,Analog,Quality,Tags
,,0,2021-06-15T07:54:59.72430386Z,2021-06-15T08:54:59.72430386Z,2021-06-15T08:54:53Z,100,BOC01T001,Analog,Quality,Tags
,,0,2021-06-15T07:54:59.72430386Z,2021-06-15T08:54:59.72430386Z,2021-06-15T08:54:54Z,100,BOC01T001,Analog,Quality,Tags
,,0,2021-06-15T07:54:59.72430386Z,2021-06-15T08:54:59.72430386Z,2021-06-15T08:54:55Z,100,BOC01T001,Analog,Quality,Tags
,,0,2021-06-15T07:54:59.72430386Z,2021-06-15T08:54:59.72430386Z,2021-06-15T08:54:56Z,100,BOC01T001,Analog,Quality,Tags
,,0,2021-06-15T07:54:59.72430386Z,2021-06-15T08:54:59.72430386Z,2021-06-15T08:54:57Z,100,BOC01T001,Analog,Quality,Tags
,,0,2021-06-15T07:54:59.72430386Z,2021-06-15T08:54:59.72430386Z,2021-06-15T08:54:58Z,100,BOC01T001,Analog,Quality,Tags
,,0,2021-06-15T07:54:59.72430386Z,2021-06-15T08:54:59.72430386Z,2021-06-15T08:54:59Z,100,BOC01T001,Analog,Quality,Tags
,,0,2021-06-15T07:54:59.72430386Z,2021-06-15T08:54:59.72430386Z,2021-06-15T08:54:59.72430386Z,100,BOC01T001,Analog,Quality,Tags
,,1,2021-06-15T07:54:59.72430386Z,2021-06-15T08:54:59.72430386Z,2021-06-15T08:50:47Z,1.25,BOC01T001,Analog,Value,Tags
,,1,2021-06-15T07:54:59.72430386Z,2021-06-15T08:54:59.72430386Z,2021-06-15T08:50:48Z,60.625,BOC01T001,Analog,Value,Tags
,,1,2021-06-15T07:54:59.72430386Z,2021-06-15T08:54:59.72430386Z,2021-06-15T08:50:49Z,179.375,BOC01T001,Analog,Value,Tags
,,1,2021-06-15T07:54:59.72430386Z,2021-06-15T08:54:59.72430386Z,2021-06-15T08:50:50Z,300,BOC01T001,Analog,Value,Tags
,,1,2021-06-15T07:54:59.72430386Z,2021-06-15T08:54:59.72430386Z,2021-06-15T08:50:51Z,421.875,BOC01T001,Analog,Value,Tags
,,1,2021-06-15T07:54:59.72430386Z,2021-06-15T08:54:59.72430386Z,2021-06-15T08:50:52Z,546.25,BOC01T001,Analog,Value,Tags
,,1,2021-06-15T07:54:59.72430386Z,2021-06-15T08:54:59.72430386Z,2021-06-15T08:50:53Z,671.25,BOC01T001,Analog,Value,Tags
,,1,2021-06-15T07:54:59.72430386Z,2021-06-15T08:54:59.72430386Z,2021-06-15T08:50:54Z,775,BOC01T001,Analog,Value,Tags
,,1,2021-06-15T07:54:59.72430386Z,2021-06-15T08:54:59.72430386Z,2021-06-15T08:50:55Z,853.75,BOC01T001,Analog,Value,Tags
,,1,2021-06-15T07:54:59.72430386Z,2021-06-15T08:54:59.72430386Z,2021-06-15T08:50:56Z,938.125,BOC01T001,Analog,Value,Tags
,,1,2021-06-15T07:54:59.72430386Z,2021-06-15T08:54:59.72430386Z,2021-06-15T08:50:57Z,1035,BOC01T001,Analog,Value,Tags
,,1,2021-06-15T07:54:59.72430386Z,2021-06-15T08:54:59.72430386Z,2021-06-15T08:50:58Z,1143.75,BOC01T001,Analog,Value,Tags
,,1,2021-06-15T07:54:59.72430386Z,2021-06-15T08:54:59.72430386Z,2021-06-15T08:50:59Z,1262.5,BOC01T001,Analog,Value,Tags
,,1,2021-06-15T07:54:59.72430386Z,2021-06-15T08:54:59.72430386Z,2021-06-15T08:51:00Z,1383.75,BOC01T001,Analog,Value,Tags
,,1,2021-06-15T07:54:59.72430386Z,2021-06-15T08:54:59.72430386Z,2021-06-15T08:51:01Z,1495.625,BOC01T001,Analog,Value,Tags
,,1,2021-06-15T07:54:59.72430386Z,2021-06-15T08:54:59.72430386Z,2021-06-15T08:51:02Z,1595,BOC01T001,Analog,Value,Tags
,,1,2021-06-15T07:54:59.72430386Z,2021-06-15T08:54:59.72430386Z,2021-06-15T08:51:03Z,1699.375,BOC01T001,Analog,Value,Tags
,,1,2021-06-15T07:54:59.72430386Z,2021-06-15T08:54:59.72430386Z,2021-06-15T08:51:04Z,1805.625,BOC01T001,Analog,Value,Tags
,,1,2021-06-15T07:54:59.72430386Z,2021-06-15T08:54:59.72430386Z,2021-06-15T08:51:05Z,1915.625,BOC01T001,Analog,Value,Tags
,,1,2021-06-15T07:54:59.72430386Z,2021-06-15T08:54:59.72430386Z,2021-06-15T08:51:06Z,2027.5,BOC01T001,Analog,Value,Tags
,,1,2021-06-15T07:54:59.72430386Z,2021-06-15T08:54:59.72430386Z,2021-06-15T08:51:07Z,2131.25,BOC01T001,Analog,Value,Tags
,,1,2021-06-15T07:54:59.72430386Z,2021-06-15T08:54:59.72430386Z,2021-06-15T08:51:08Z,2243.125,BOC01T001,Analog,Value,Tags
,,1,2021-06-15T07:54:59.72430386Z,2021-06-15T08:54:59.72430386Z,2021-06-15T08:51:09Z,2356.25,BOC01T001,Analog,Value,Tags
,,1,2021-06-15T07:54:59.72430386Z,2021-06-15T08:54:59.72430386Z,2021-06-15T08:51:10Z,2468.75,BOC01T001,Analog,Value,Tags
,,1,2021-06-15T07:54:59.72430386Z,2021-06-15T08:54:59.72430386Z,2021-06-15T08:51:11Z,2575.625,BOC01T001,Analog,Value,Tags
,,1,2021-06-15T07:54:59.72430386Z,2021-06-15T08:54:59.72430386Z,2021-06-15T08:51:12Z,2681.875,BOC01T001,Analog,Value,Tags
,,1,2021-06-15T07:54:59.72430386Z,2021-06-15T08:54:59.72430386Z,2021-06-15T08:51:13Z,2800.625,BOC01T001,Analog,Value,Tags
,,1,2021-06-15T07:54:59.72430386Z,2021-06-15T08:54:59.72430386Z,2021-06-15T08:51:14Z,2909.375,BOC01T001,Analog,Value,Tags
,,1,2021-06-15T07:54:59.72430386Z,2021-06-15T08:54:59.72430386Z,2021-06-15T08:51:15Z,3007.5,BOC01T001,Analog,Value,Tags
,,1,2021-06-15T07:54:59.72430386Z,2021-06-15T08:54:59.72430386Z,2021-06-15T08:51:16Z,3104.375,BOC01T001,Analog,Value,Tags
,,1,2021-06-15T07:54:59.72430386Z,2021-06-15T08:54:59.72430386Z,2021-06-15T08:51:17Z,3203.125,BOC01T001,Analog,Value,Tags
,,1,2021-06-15T07:54:59.72430386Z,2021-06-15T08:54:59.72430386Z,2021-06-15T08:51:18Z,3313.125,BOC01T001,Analog,Value,Tags
,,1,2021-06-15T07:54:59.72430386Z,2021-06-15T08:54:59.72430386Z,2021-06-15T08:51:19Z,3430,BOC01T001,Analog,Value,Tags
,,1,2021-06-15T07:54:59.72430386Z,2021-06-15T08:54:59.72430386Z,2021-06-15T08:51:20Z,3545.625,BOC01T001,Analog,Value,Tags
,,1,2021-06-15T07:54:59.72430386Z,2021-06-15T08:54:59.72430386Z,2021-06-15T08:51:21Z,3665.625,BOC01T001,Analog,Value,Tags
,,1,2021-06-15T07:54:59.72430386Z,2021-06-15T08:54:59.72430386Z,2021-06-15T08:51:22Z,3787.5,BOC01T001,Analog,Value,Tags
,,1,2021-06-15T07:54:59.72430386Z,2021-06-15T08:54:59.72430386Z,2021-06-15T08:51:23Z,3908.125,BOC01T001,Analog,Value,Tags
,,1,2021-06-15T07:54:59.72430386Z,2021-06-15T08:54:59.72430386Z,2021-06-15T08:51:24Z,4019.375,BOC01T001,Analog,Value,Tags
,,1,2021-06-15T07:54:59.72430386Z,2021-06-15T08:54:59.72430386Z,2021-06-15T08:51:25Z,4124.375,BOC01T001,Analog,Value,Tags
,,1,2021-06-15T07:54:59.72430386Z,2021-06-15T08:54:59.72430386Z,2021-06-15T08:51:26Z,4219.375,BOC01T001,Analog,Value,Tags
,,1,2021-06-15T07:54:59.72430386Z,2021-06-15T08:54:59.72430386Z,2021-06-15T08:51:27Z,4296.25,BOC01T001,Analog,Value,Tags
,,1,2021-06-15T07:54:59.72430386Z,2021-06-15T08:54:59.72430386Z,2021-06-15T08:51:28Z,4386.875,BOC01T001,Analog,Value,Tags
,,1,2021-06-15T07:54:59.72430386Z,2021-06-15T08:54:59.72430386Z,2021-06-15T08:51:29Z,4501.875,BOC01T001,Analog,Value,Tags
,,1,2021-06-15T07:54:59.72430386Z,2021-06-15T08:54:59.72430386Z,2021-06-15T08:51:30Z,4620.625,BOC01T001,Analog,Value,Tags
,,1,2021-06-15T07:54:59.72430386Z,2021-06-15T08:54:59.72430386Z,2021-06-15T08:51:31Z,4738.125,BOC01T001,Analog,Value,Tags
,,1,2021-06-15T07:54:59.72430386Z,2021-06-15T08:54:59.72430386Z,2021-06-15T08:51:32Z,4860,BOC01T001,Analog,Value,Tags
,,1,2021-06-15T07:54:59.72430386Z,2021-06-15T08:54:59.72430386Z,2021-06-15T08:51:33Z,4985.625,BOC01T001,Analog,Value,Tags
,,1,2021-06-15T07:54:59.72430386Z,2021-06-15T08:54:59.72430386Z,2021-06-15T08:51:34Z,5100.625,BOC01T001,Analog,Value,Tags
,,1,2021-06-15T07:54:59.72430386Z,2021-06-15T08:54:59.72430386Z,2021-06-15T08:51:35Z,5198.75,BOC01T001,Analog,Value,Tags
,,1,2021-06-15T07:54:59.72430386Z,2021-06-15T08:54:59.72430386Z,2021-06-15T08:51:36Z,5301.25,BOC01T001,Analog,Value,Tags
,,1,2021-06-15T07:54:59.72430386Z,2021-06-15T08:54:59.72430386Z,2021-06-15T08:51:37Z,5418.75,BOC01T001,Analog,Value,Tags
,,1,2021-06-15T07:54:59.72430386Z,2021-06-15T08:54:59.72430386Z,2021-06-15T08:51:38Z,5536.25,BOC01T001,Analog,Value,Tags
,,1,2021-06-15T07:54:59.72430386Z,2021-06-15T08:54:59.72430386Z,2021-06-15T08:51:39Z,5651.875,BOC01T001,Analog,Value,Tags
,,1,2021-06-15T07:54:59.72430386Z,2021-06-15T08:54:59.72430386Z,2021-06-15T08:51:40Z,5769.375,BOC01T001,Analog,Value,Tags
,,1,2021-06-15T07:54:59.72430386Z,2021-06-15T08:54:59.72430386Z,2021-06-15T08:51:41Z,5868.125,BOC01T001,Analog,Value,Tags
,,1,2021-06-15T07:54:59.72430386Z,2021-06-15T08:54:59.72430386Z,2021-06-15T08:51:42Z,5940,BOC01T001,Analog,Value,Tags
,,1,2021-06-15T07:54:59.72430386Z,2021-06-15T08:54:59.72430386Z,2021-06-15T08:51:43Z,6018.75,BOC01T001,Analog,Value,Tags
,,1,2021-06-15T07:54:59.72430386Z,2021-06-15T08:54:59.72430386Z,2021-06-15T08:51:44Z,6128.125,BOC01T001,Analog,Value,Tags
,,1,2021-06-15T07:54:59.72430386Z,2021-06-15T08:54:59.72430386Z,2021-06-15T08:51:45Z,6236.875,BOC01T001,Analog,Value,Tags
,,1,2021-06-15T07:54:59.72430386Z,2021-06-15T08:54:59.72430386Z,2021-06-15T08:51:46Z,6343.75,BOC01T001,Analog,Value,Tags
,,1,2021-06-15T07:54:59.72430386Z,2021-06-15T08:54:59.72430386Z,2021-06-15T08:51:47Z,6468.125,BOC01T001,Analog,Value,Tags
,,1,2021-06-15T07:54:59.72430386Z,2021-06-15T08:54:59.72430386Z,2021-06-15T08:51:48Z,6587.5,BOC01T001,Analog,Value,Tags
,,1,2021-06-15T07:54:59.72430386Z,2021-06-15T08:54:59.72430386Z,2021-06-15T08:51:49Z,6700.625,BOC01T001,Analog,Value,Tags
,,1,2021-06-15T07:54:59.72430386Z,2021-06-15T08:54:59.72430386Z,2021-06-15T08:51:50Z,6818.125,BOC01T001,Analog,Value,Tags
,,1,2021-06-15T07:54:59.72430386Z,2021-06-15T08:54:59.72430386Z,2021-06-15T08:51:51Z,6928.75,BOC01T001,Analog,Value,Tags
,,1,2021-06-15T07:54:59.72430386Z,2021-06-15T08:54:59.72430386Z,2021-06-15T08:51:52Z,7037.5,BOC01T001,Analog,Value,Tags
,,1,2021-06-15T07:54:59.72430386Z,2021-06-15T08:54:59.72430386Z,2021-06-15T08:51:53Z,7151.875,BOC01T001,Analog,Value,Tags
,,1,2021-06-15T07:54:59.72430386Z,2021-06-15T08:54:59.72430386Z,2021-06-15T08:51:54Z,7254.375,BOC01T001,Analog,Value,Tags
,,1,2021-06-15T07:54:59.72430386Z,2021-06-15T08:54:59.72430386Z,2021-06-15T08:51:55Z,7364.375,BOC01T001,Analog,Value,Tags
,,1,2021-06-15T07:54:59.72430386Z,2021-06-15T08:54:59.72430386Z,2021-06-15T08:51:56Z,7483.125,BOC01T001,Analog,Value,Tags
,,1,2021-06-15T07:54:59.72430386Z,2021-06-15T08:54:59.72430386Z,2021-06-15T08:51:57Z,7591.875,BOC01T001,Analog,Value,Tags
,,1,2021-06-15T07:54:59.72430386Z,2021-06-15T08:54:59.72430386Z,2021-06-15T08:51:58Z,7684.375,BOC01T001,Analog,Value,Tags
,,1,2021-06-15T07:54:59.72430386Z,2021-06-15T08:54:59.72430386Z,2021-06-15T08:51:59Z,7758.75,BOC01T001,Analog,Value,Tags
,,1,2021-06-15T07:54:59.72430386Z,2021-06-15T08:54:59.72430386Z,2021-06-15T08:52:00Z,7853.125,BOC01T001,Analog,Value,Tags
,,1,2021-06-15T07:54:59.72430386Z,2021-06-15T08:54:59.72430386Z,2021-06-15T08:52:01Z,7971.875,BOC01T001,Analog,Value,Tags
,,1,2021-06-15T07:54:59.72430386Z,2021-06-15T08:54:59.72430386Z,2021-06-15T08:52:02Z,8075,BOC01T001,Analog,Value,Tags
,,1,2021-06-15T07:54:59.72430386Z,2021-06-15T08:54:59.72430386Z,2021-06-15T08:52:03Z,8158.75,BOC01T001,Analog,Value,Tags
,,1,2021-06-15T07:54:59.72430386Z,2021-06-15T08:54:59.72430386Z,2021-06-15T08:52:04Z,8235.625,BOC01T001,Analog,Value,Tags
,,1,2021-06-15T07:54:59.72430386Z,2021-06-15T08:54:59.72430386Z,2021-06-15T08:52:05Z,8316.875,BOC01T001,Analog,Value,Tags
,,1,2021-06-15T07:54:59.72430386Z,2021-06-15T08:54:59.72430386Z,2021-06-15T08:52:06Z,8423.125,BOC01T001,Analog,Value,Tags
,,1,2021-06-15T07:54:59.72430386Z,2021-06-15T08:54:59.72430386Z,2021-06-15T08:52:07Z,8540.625,BOC01T001,Analog,Value,Tags
,,1,2021-06-15T07:54:59.72430386Z,2021-06-15T08:54:59.72430386Z,2021-06-15T08:52:08Z,8661.25,BOC01T001,Analog,Value,Tags
,,1,2021-06-15T07:54:59.72430386Z,2021-06-15T08:54:59.72430386Z,2021-06-15T08:52:09Z,8780,BOC01T001,Analog,Value,Tags
,,1,2021-06-15T07:54:59.72430386Z,2021-06-15T08:54:59.72430386Z,2021-06-15T08:52:10Z,8892.5,BOC01T001,Analog,Value,Tags
,,1,2021-06-15T07:54:59.72430386Z,2021-06-15T08:54:59.72430386Z,2021-06-15T08:52:11Z,9005,BOC01T001,Analog,Value,Tags
,,1,2021-06-15T07:54:59.72430386Z,2021-06-15T08:54:59.72430386Z,2021-06-15T08:52:12Z,9110.625,BOC01T001,Analog,Value,Tags
,,1,2021-06-15T07:54:59.72430386Z,2021-06-15T08:54:59.72430386Z,2021-06-15T08:52:13Z,9215.625,BOC01T001,Analog,Value,Tags
,,1,2021-06-15T07:54:59.72430386Z,2021-06-15T08:54:59.72430386Z,2021-06-15T08:52:14Z,9320.625,BOC01T001,Analog,Value,Tags
,,1,2021-06-15T07:54:59.72430386Z,2021-06-15T08:54:59.72430386Z,2021-06-15T08:52:15Z,9420.625,BOC01T001,Analog,Value,Tags
,,1,2021-06-15T07:54:59.72430386Z,2021-06-15T08:54:59.72430386Z,2021-06-15T08:52:16Z,9528.125,BOC01T001,Analog,Value,Tags
,,1,2021-06-15T07:54:59.72430386Z,2021-06-15T08:54:59.72430386Z,2021-06-15T08:52:17Z,9645,BOC01T001,Analog,Value,Tags
,,1,2021-06-15T07:54:59.72430386Z,2021-06-15T08:54:59.72430386Z,2021-06-15T08:52:18Z,9765,BOC01T001,Analog,Value,Tags
,,1,2021-06-15T07:54:59.72430386Z,2021-06-15T08:54:59.72430386Z,2021-06-15T08:52:19Z,9885.625,BOC01T001,Analog,Value,Tags
,,1,2021-06-15T07:54:59.72430386Z,2021-06-15T08:54:59.72430386Z,2021-06-15T08:52:20Z,10003.75,BOC01T001,Analog,Value,Tags
,,1,2021-06-15T07:54:59.72430386Z,2021-06-15T08:54:59.72430386Z,2021-06-15T08:52:21Z,10113.75,BOC01T001,Analog,Value,Tags
,,1,2021-06-15T07:54:59.72430386Z,2021-06-15T08:54:59.72430386Z,2021-06-15T08:52:22Z,10220.625,BOC01T001,Analog,Value,Tags
,,1,2021-06-15T07:54:59.72430386Z,2021-06-15T08:54:59.72430386Z,2021-06-15T08:52:23Z,10328.75,BOC01T001,Analog,Value,Tags
,,1,2021-06-15T07:54:59.72430386Z,2021-06-15T08:54:59.72430386Z,2021-06-15T08:52:24Z,10428.75,BOC01T001,Analog,Value,Tags
,,1,2021-06-15T07:54:59.72430386Z,2021-06-15T08:54:59.72430386Z,2021-06-15T08:52:25Z,10487.5,BOC01T001,Analog,Value,Tags
,,1,2021-06-15T07:54:59.72430386Z,2021-06-15T08:54:59.72430386Z,2021-06-15T08:52:55Z,6.25,BOC01T001,Analog,Value,Tags
,,1,2021-06-15T07:54:59.72430386Z,2021-06-15T08:54:59.72430386Z,2021-06-15T08:52:56Z,6.150568181818182,BOC01T001,Analog,Value,Tags
,,1,2021-06-15T07:54:59.72430386Z,2021-06-15T08:54:59.72430386Z,2021-06-15T08:52:57Z,6.286764705882353,BOC01T001,Analog,Value,Tags
,,1,2021-06-15T07:54:59.72430386Z,2021-06-15T08:54:59.72430386Z,2021-06-15T08:52:58Z,6.25,BOC01T001,Analog,Value,Tags
,,1,2021-06-15T07:54:59.72430386Z,2021-06-15T08:54:59.72430386Z,2021-06-15T08:52:59Z,6.25,BOC01T001,Analog,Value,Tags
,,1,2021-06-15T07:54:59.72430386Z,2021-06-15T08:54:59.72430386Z,2021-06-15T08:53:00Z,6.207865168539326,BOC01T001,Analog,Value,Tags
,,1,2021-06-15T07:54:59.72430386Z,2021-06-15T08:54:59.72430386Z,2021-06-15T08:53:01Z,6.301369863013699,BOC01T001,Analog,Value,Tags
,,1,2021-06-15T07:54:59.72430386Z,2021-06-15T08:54:59.72430386Z,2021-06-15T08:53:02Z,6.25,BOC01T001,Analog,Value,Tags
,,1,2021-06-15T07:54:59.72430386Z,2021-06-15T08:54:59.72430386Z,2021-06-15T08:53:03Z,6.25,BOC01T001,Analog,Value,Tags
,,1,2021-06-15T07:54:59.72430386Z,2021-06-15T08:54:59.72430386Z,2021-06-15T08:53:04Z,6.25,BOC01T001,Analog,Value,Tags
,,1,2021-06-15T07:54:59.72430386Z,2021-06-15T08:54:59.72430386Z,2021-06-15T08:53:05Z,6.25,BOC01T001,Analog,Value,Tags
,,1,2021-06-15T07:54:59.72430386Z,2021-06-15T08:54:59.72430386Z,2021-06-15T08:53:06Z,6.167763157894737,BOC01T001,Analog,Value,Tags
,,1,2021-06-15T07:54:59.72430386Z,2021-06-15T08:54:59.72430386Z,2021-06-15T08:53:07Z,6.28125,BOC01T001,Analog,Value,Tags
,,1,2021-06-15T07:54:59.72430386Z,2021-06-15T08:54:59.72430386Z,2021-06-15T08:53:08Z,6.222527472527473,BOC01T001,Analog,Value,Tags
,,1,2021-06-15T07:54:59.72430386Z,2021-06-15T08:54:59.72430386Z,2021-06-15T08:53:09Z,6.25,BOC01T001,Analog,Value,Tags
,,1,2021-06-15T07:54:59.72430386Z,2021-06-15T08:54:59.72430386Z,2021-06-15T08:53:10Z,6.25,BOC01T001,Analog,Value,Tags
,,1,2021-06-15T07:54:59.72430386Z,2021-06-15T08:54:59.72430386Z,2021-06-15T08:53:11Z,6.25,BOC01T001,Analog,Value,Tags
,,1,2021-06-15T07:54:59.72430386Z,2021-06-15T08:54:59.72430386Z,2021-06-15T08:53:12Z,6.234756097560975,BOC01T001,Analog,Value,Tags
,,1,2021-06-15T07:54:59.72430386Z,2021-06-15T08:54:59.72430386Z,2021-06-15T08:53:13Z,6.269230769230769,BOC01T001,Analog,Value,Tags
,,1,2021-06-15T07:54:59.72430386Z,2021-06-15T08:54:59.72430386Z,2021-06-15T08:53:14Z,6.280487804878049,BOC01T001,Analog,Value,Tags
,,1,2021-06-15T07:54:59.72430386Z,2021-06-15T08:54:59.72430386Z,2021-06-15T08:53:15Z,6.25,BOC01T001,Analog,Value,Tags
,,1,2021-06-15T07:54:59.72430386Z,2021-06-15T08:54:59.72430386Z,2021-06-15T08:53:16Z,6.301369863013699,BOC01T001,Analog,Value,Tags
,,1,2021-06-15T07:54:59.72430386Z,2021-06-15T08:54:59.72430386Z,2021-06-15T08:53:17Z,6.25,BOC01T001,Analog,Value,Tags
,,1,2021-06-15T07:54:59.72430386Z,2021-06-15T08:54:59.72430386Z,2021-06-15T08:53:18Z,6.206896551724138,BOC01T001,Analog,Value,Tags
,,1,2021-06-15T07:54:59.72430386Z,2021-06-15T08:54:59.72430386Z,2021-06-15T08:53:19Z,6.25,BOC01T001,Analog,Value,Tags
,,1,2021-06-15T07:54:59.72430386Z,2021-06-15T08:54:59.72430386Z,2021-06-15T08:53:20Z,6.288265306122449,BOC01T001,Analog,Value,Tags
,,1,2021-06-15T07:54:59.72430386Z,2021-06-15T08:54:59.72430386Z,2021-06-15T08:53:21Z,6.25,BOC01T001,Analog,Value,Tags
,,1,2021-06-15T07:54:59.72430386Z,2021-06-15T08:54:59.72430386Z,2021-06-15T08:53:22Z,6.160714285714286,BOC01T001,Analog,Value,Tags
,,1,2021-06-15T07:54:59.72430386Z,2021-06-15T08:54:59.72430386Z,2021-06-15T08:53:23Z,6.25,BOC01T001,Analog,Value,Tags
,,1,2021-06-15T07:54:59.72430386Z,2021-06-15T08:54:59.72430386Z,2021-06-15T08:53:24Z,6.25,BOC01T001,Analog,Value,Tags
,,1,2021-06-15T07:54:59.72430386Z,2021-06-15T08:54:59.72430386Z,2021-06-15T08:53:25Z,6.267857142857143,BOC01T001,Analog,Value,Tags
,,1,2021-06-15T07:54:59.72430386Z,2021-06-15T08:54:59.72430386Z,2021-06-15T08:53:26Z,6.25,BOC01T001,Analog,Value,Tags
,,1,2021-06-15T07:54:59.72430386Z,2021-06-15T08:54:59.72430386Z,2021-06-15T08:53:27Z,6.277472527472527,BOC01T001,Analog,Value,Tags
,,1,2021-06-15T07:54:59.72430386Z,2021-06-15T08:54:59.72430386Z,2021-06-15T08:53:28Z,6.291208791208791,BOC01T001,Analog,Value,Tags
,,1,2021-06-15T07:54:59.72430386Z,2021-06-15T08:54:59.72430386Z,2021-06-15T08:53:29Z,6.3,BOC01T001,Analog,Value,Tags
,,1,2021-06-15T07:54:59.72430386Z,2021-06-15T08:54:59.72430386Z,2021-06-15T08:53:30Z,6.142857142857143,BOC01T001,Analog,Value,Tags
,,1,2021-06-15T07:54:59.72430386Z,2021-06-15T08:54:59.72430386Z,2021-06-15T08:53:31Z,6.25,BOC01T001,Analog,Value,Tags
,,1,2021-06-15T07:54:59.72430386Z,2021-06-15T08:54:59.72430386Z,2021-06-15T08:53:32Z,6.295454545454546,BOC01T001,Analog,Value,Tags
,,1,2021-06-15T07:54:59.72430386Z,2021-06-15T08:54:59.72430386Z,2021-06-15T08:53:33Z,6.22191011235955,BOC01T001,Analog,Value,Tags
,,1,2021-06-15T07:54:59.72430386Z,2021-06-15T08:54:59.72430386Z,2021-06-15T08:53:34Z,6.343283582089552,BOC01T001,Analog,Value,Tags
,,1,2021-06-15T07:54:59.72430386Z,2021-06-15T08:54:59.72430386Z,2021-06-15T08:53:35Z,6.1773255813953485,BOC01T001,Analog,Value,Tags
,,1,2021-06-15T07:54:59.72430386Z,2021-06-15T08:54:59.72430386Z,2021-06-15T08:53:36Z,6.370967741935484,BOC01T001,Analog,Value,Tags
,,1,2021-06-15T07:54:59.72430386Z,2021-06-15T08:54:59.72430386Z,2021-06-15T08:53:37Z,6.1328125,BOC01T001,Analog,Value,Tags
,,1,2021-06-15T07:54:59.72430386Z,2021-06-15T08:54:59.72430386Z,2021-06-15T08:53:38Z,6.237244897959184,BOC01T001,Analog,Value,Tags
,,1,2021-06-15T07:54:59.72430386Z,2021-06-15T08:54:59.72430386Z,2021-06-15T08:53:39Z,6.330645161290323,BOC01T001,Analog,Value,Tags
,,1,2021-06-15T07:54:59.72430386Z,2021-06-15T08:54:59.72430386Z,2021-06-15T08:53:40Z,6.310975609756097,BOC01T001,Analog,Value,Tags
,,1,2021-06-15T07:54:59.72430386Z,2021-06-15T08:54:59.72430386Z,2021-06-15T08:53:41Z,6.189024390243903,BOC01T001,Analog,Value,Tags
,,1,2021-06-15T07:54:59.72430386Z,2021-06-15T08:54:59.72430386Z,2021-06-15T08:53:42Z,6.25,BOC01T001,Analog,Value,Tags
,,1,2021-06-15T07:54:59.72430386Z,2021-06-15T08:54:59.72430386Z,2021-06-15T08:53:43Z,6.125,BOC01T001,Analog,Value,Tags
,,1,2021-06-15T07:54:59.72430386Z,2021-06-15T08:54:59.72430386Z,2021-06-15T08:53:44Z,6.40625,BOC01T001,Analog,Value,Tags
,,1,2021-06-15T07:54:59.72430386Z,2021-06-15T08:54:59.72430386Z,2021-06-15T08:53:45Z,6.320422535211268,BOC01T001,Analog,Value,Tags
,,1,2021-06-15T07:54:59.72430386Z,2021-06-15T08:54:59.72430386Z,2021-06-15T08:53:46Z,6.116071428571429,BOC01T001,Analog,Value,Tags
,,1,2021-06-15T07:54:59.72430386Z,2021-06-15T08:54:59.72430386Z,2021-06-15T08:53:47Z,6.2375,BOC01T001,Analog,Value,Tags
,,1,2021-06-15T07:54:59.72430386Z,2021-06-15T08:54:59.72430386Z,2021-06-15T08:53:48Z,6.328125,BOC01T001,Analog,Value,Tags
,,1,2021-06-15T07:54:59.72430386Z,2021-06-15T08:54:59.72430386Z,2021-06-15T08:53:49Z,6.188118811881188,BOC01T001,Analog,Value,Tags
,,1,2021-06-15T07:54:59.72430386Z,2021-06-15T08:54:59.72430386Z,2021-06-15T08:53:50Z,6.25,BOC01T001,Analog,Value,Tags
,,1,2021-06-15T07:54:59.72430386Z,2021-06-15T08:54:59.72430386Z,2021-06-15T08:53:51Z,6.277472527472527,BOC01T001,Analog,Value,Tags
,,1,2021-06-15T07:54:59.72430386Z,2021-06-15T08:54:59.72430386Z,2021-06-15T08:53:52Z,6.290322580645161,BOC01T001,Analog,Value,Tags
,,1,2021-06-15T07:54:59.72430386Z,2021-06-15T08:54:59.72430386Z,2021-06-15T08:53:53Z,6.25,BOC01T001,Analog,Value,Tags
,,1,2021-06-15T07:54:59.72430386Z,2021-06-15T08:54:59.72430386Z,2021-06-15T08:53:54Z,6.201923076923077,BOC01T001,Analog,Value,Tags
,,1,2021-06-15T07:54:59.72430386Z,2021-06-15T08:54:59.72430386Z,2021-06-15T08:53:55Z,6.318181818181818,BOC01T001,Analog,Value,Tags
,,1,2021-06-15T07:54:59.72430386Z,2021-06-15T08:54:59.72430386Z,2021-06-15T08:53:56Z,6.213235294117647,BOC01T001,Analog,Value,Tags
,,1,2021-06-15T07:54:59.72430386Z,2021-06-15T08:54:59.72430386Z,2021-06-15T08:53:57Z,6.34020618556701,BOC01T001,Analog,Value,Tags
,,1,2021-06-15T07:54:59.72430386Z,2021-06-15T08:54:59.72430386Z,2021-06-15T08:53:58Z,6.117021276595745,BOC01T001,Analog,Value,Tags
,,1,2021-06-15T07:54:59.72430386Z,2021-06-15T08:54:59.72430386Z,2021-06-15T08:53:59Z,6.395348837209302,BOC01T001,Analog,Value,Tags
,,1,2021-06-15T07:54:59.72430386Z,2021-06-15T08:54:59.72430386Z,2021-06-15T08:54:00Z,6.117021276595745,BOC01T001,Analog,Value,Tags
,,1,2021-06-15T07:54:59.72430386Z,2021-06-15T08:54:59.72430386Z,2021-06-15T08:54:01Z,6.269230769230769,BOC01T001,Analog,Value,Tags
,,1,2021-06-15T07:54:59.72430386Z,2021-06-15T08:54:59.72430386Z,2021-06-15T08:54:02Z,6.2923728813559325,BOC01T001,Analog,Value,Tags
,,1,2021-06-15T07:54:59.72430386Z,2021-06-15T08:54:59.72430386Z,2021-06-15T08:54:03Z,6.198979591836735,BOC01T001,Analog,Value,Tags
,,1,2021-06-15T07:54:59.72430386Z,2021-06-15T08:54:59.72430386Z,2021-06-15T08:54:04Z,6.484375,BOC01T001,Analog,Value,Tags
,,1,2021-06-15T07:54:59.72430386Z,2021-06-15T08:54:59.72430386Z,2021-06-15T08:54:05Z,5.945121951219512,BOC01T001,Analog,Value,Tags
,,1,2021-06-15T07:54:59.72430386Z,2021-06-15T08:54:59.72430386Z,2021-06-15T08:54:06Z,6.293103448275862,BOC01T001,Analog,Value,Tags
,,1,2021-06-15T07:54:59.72430386Z,2021-06-15T08:54:59.72430386Z,2021-06-15T08:54:07Z,6.25,BOC01T001,Analog,Value,Tags
,,1,2021-06-15T07:54:59.72430386Z,2021-06-15T08:54:59.72430386Z,2021-06-15T08:54:08Z,6.290322580645161,BOC01T001,Analog,Value,Tags
,,1,2021-06-15T07:54:59.72430386Z,2021-06-15T08:54:59.72430386Z,2021-06-15T08:54:09Z,6.138059701492537,BOC01T001,Analog,Value,Tags
,,1,2021-06-15T07:54:59.72430386Z,2021-06-15T08:54:59.72430386Z,2021-06-15T08:54:10Z,6.360294117647059,BOC01T001,Analog,Value,Tags
,,1,2021-06-15T07:54:59.72430386Z,2021-06-15T08:54:59.72430386Z,2021-06-15T08:54:11Z,6.25,BOC01T001,Analog,Value,Tags
,,1,2021-06-15T07:54:59.72430386Z,2021-06-15T08:54:59.72430386Z,2021-06-15T08:54:12Z,6.193181818181818,BOC01T001,Analog,Value,Tags
,,1,2021-06-15T07:54:59.72430386Z,2021-06-15T08:54:59.72430386Z,2021-06-15T08:54:13Z,6.25,BOC01T001,Analog,Value,Tags
,,1,2021-06-15T07:54:59.72430386Z,2021-06-15T08:54:59.72430386Z,2021-06-15T08:54:14Z,6.296875,BOC01T001,Analog,Value,Tags
,,1,2021-06-15T07:54:59.72430386Z,2021-06-15T08:54:59.72430386Z,2021-06-15T08:54:15Z,6.25,BOC01T001,Analog,Value,Tags
,,1,2021-06-15T07:54:59.72430386Z,2021-06-15T08:54:59.72430386Z,2021-06-15T08:54:16Z,6.170886075949367,BOC01T001,Analog,Value,Tags
,,1,2021-06-15T07:54:59.72430386Z,2021-06-15T08:54:59.72430386Z,2021-06-15T08:54:17Z,6.317934782608695,BOC01T001,Analog,Value,Tags
,,1,2021-06-15T07:54:59.72430386Z,2021-06-15T08:54:59.72430386Z,2021-06-15T08:54:18Z,6.1789772727272725,BOC01T001,Analog,Value,Tags
,,1,2021-06-15T07:54:59.72430386Z,2021-06-15T08:54:59.72430386Z,2021-06-15T08:54:19Z,6.276315789473684,BOC01T001,Analog,Value,Tags
,,1,2021-06-15T07:54:59.72430386Z,2021-06-15T08:54:59.72430386Z,2021-06-15T08:54:20Z,6.25,BOC01T001,Analog,Value,Tags
,,1,2021-06-15T07:54:59.72430386Z,2021-06-15T08:54:59.72430386Z,2021-06-15T08:54:21Z,6.25,BOC01T001,Analog,Value,Tags
,,1,2021-06-15T07:54:59.72430386Z,2021-06-15T08:54:59.72430386Z,2021-06-15T08:54:22Z,6.199324324324325,BOC01T001,Analog,Value,Tags
,,1,2021-06-15T07:54:59.72430386Z,2021-06-15T08:54:59.72430386Z,2021-06-15T08:54:23Z,6.264044943820225,BOC01T001,Analog,Value,Tags
,,1,2021-06-15T07:54:59.72430386Z,2021-06-15T08:54:59.72430386Z,2021-06-15T08:54:24Z,6.282894736842105,BOC01T001,Analog,Value,Tags
,,1,2021-06-15T07:54:59.72430386Z,2021-06-15T08:54:59.72430386Z,2021-06-15T08:54:25Z,6.368243243243243,BOC01T001,Analog,Value,Tags
,,1,2021-06-15T07:54:59.72430386Z,2021-06-15T08:54:59.72430386Z,2021-06-15T08:54:26Z,6.1875,BOC01T001,Analog,Value,Tags
,,1,2021-06-15T07:54:59.72430386Z,2021-06-15T08:54:59.72430386Z,2021-06-15T08:54:27Z,6.310975609756097,BOC01T001,Analog,Value,Tags
,,1,2021-06-15T07:54:59.72430386Z,2021-06-15T08:54:59.72430386Z,2021-06-15T08:54:28Z,6.150568181818182,BOC01T001,Analog,Value,Tags
,,1,2021-06-15T07:54:59.72430386Z,2021-06-15T08:54:59.72430386Z,2021-06-15T08:54:29Z,6.291208791208791,BOC01T001,Analog,Value,Tags
,,1,2021-06-15T07:54:59.72430386Z,2021-06-15T08:54:59.72430386Z,2021-06-15T08:54:30Z,6.25,BOC01T001,Analog,Value,Tags
,,1,2021-06-15T07:54:59.72430386Z,2021-06-15T08:54:59.72430386Z,2021-06-15T08:54:31Z,6.171875,BOC01T001,Analog,Value,Tags
,,1,2021-06-15T07:54:59.72430386Z,2021-06-15T08:54:59.72430386Z,2021-06-15T08:54:32Z,6.264204545454546,BOC01T001,Analog,Value,Tags
,,1,2021-06-15T07:54:59.72430386Z,2021-06-15T08:54:59.72430386Z,2021-06-15T08:54:33Z,6.234939759036145,BOC01T001,Analog,Value,Tags
,,1,2021-06-15T07:54:59.72430386Z,2021-06-15T08:54:59.72430386Z,2021-06-15T08:54:34Z,6.304347826086956,BOC01T001,Analog,Value,Tags
,,1,2021-06-15T07:54:59.72430386Z,2021-06-15T08:54:59.72430386Z,2021-06-15T08:54:35Z,6.25,BOC01T001,Analog,Value,Tags
,,1,2021-06-15T07:54:59.72430386Z,2021-06-15T08:54:59.72430386Z,2021-06-15T08:54:36Z,6.25,BOC01T001,Analog,Value,Tags
,,1,2021-06-15T07:54:59.72430386Z,2021-06-15T08:54:59.72430386Z,2021-06-15T08:54:37Z,6.1875,BOC01T001,Analog,Value,Tags
,,1,2021-06-15T07:54:59.72430386Z,2021-06-15T08:54:59.72430386Z,2021-06-15T08:54:38Z,6.25,BOC01T001,Analog,Value,Tags
,,1,2021-06-15T07:54:59.72430386Z,2021-06-15T08:54:59.72430386Z,2021-06-15T08:54:39Z,6.265822784810126,BOC01T001,Analog,Value,Tags
,,1,2021-06-15T07:54:59.72430386Z,2021-06-15T08:54:59.72430386Z,2021-06-15T08:54:40Z,6.276595744680851,BOC01T001,Analog,Value,Tags
,,1,2021-06-15T07:54:59.72430386Z,2021-06-15T08:54:59.72430386Z,2021-06-15T08:54:41Z,6.25,BOC01T001,Analog,Value,Tags
,,1,2021-06-15T07:54:59.72430386Z,2021-06-15T08:54:59.72430386Z,2021-06-15T08:54:42Z,6.2109375,BOC01T001,Analog,Value,Tags
,,1,2021-06-15T07:54:59.72430386Z,2021-06-15T08:54:59.72430386Z,2021-06-15T08:54:43Z,6.328125,BOC01T001,Analog,Value,Tags
,,1,2021-06-15T07:54:59.72430386Z,2021-06-15T08:54:59.72430386Z,2021-06-15T08:54:44Z,6.19140625,BOC01T001,Analog,Value,Tags
,,1,2021-06-15T07:54:59.72430386Z,2021-06-15T08:54:59.72430386Z,2021-06-15T08:54:45Z,6.25,BOC01T001,Analog,Value,Tags
,,1,2021-06-15T07:54:59.72430386Z,2021-06-15T08:54:59.72430386Z,2021-06-15T08:54:46Z,6.224489795918367,BOC01T001,Analog,Value,Tags
,,1,2021-06-15T07:54:59.72430386Z,2021-06-15T08:54:59.72430386Z,2021-06-15T08:54:47Z,6.25,BOC01T001,Analog,Value,Tags
,,1,2021-06-15T07:54:59.72430386Z,2021-06-15T08:54:59.72430386Z,2021-06-15T08:54:48Z,6.379310344827586,BOC01T001,Analog,Value,Tags
,,1,2021-06-15T07:54:59.72430386Z,2021-06-15T08:54:59.72430386Z,2021-06-15T08:54:49Z,6.163366336633663,BOC01T001,Analog,Value,Tags
,,1,2021-06-15T07:54:59.72430386Z,2021-06-15T08:54:59.72430386Z,2021-06-15T08:54:50Z,6.25,BOC01T001,Analog,Value,Tags
,,1,2021-06-15T07:54:59.72430386Z,2021-06-15T08:54:59.72430386Z,2021-06-15T08:54:51Z,6.201923076923077,BOC01T001,Analog,Value,Tags
,,1,2021-06-15T07:54:59.72430386Z,2021-06-15T08:54:59.72430386Z,2021-06-15T08:54:52Z,6.348684210526316,BOC01T001,Analog,Value,Tags
,,1,2021-06-15T07:54:59.72430386Z,2021-06-15T08:54:59.72430386Z,2021-06-15T08:54:53Z,6.203125,BOC01T001,Analog,Value,Tags
,,1,2021-06-15T07:54:59.72430386Z,2021-06-15T08:54:59.72430386Z,2021-06-15T08:54:54Z,6.217532467532467,BOC01T001,Analog,Value,Tags
,,1,2021-06-15T07:54:59.72430386Z,2021-06-15T08:54:59.72430386Z,2021-06-15T08:54:55Z,6.234939759036145,BOC01T001,Analog,Value,Tags
,,1,2021-06-15T07:54:59.72430386Z,2021-06-15T08:54:59.72430386Z,2021-06-15T08:54:56Z,6.2890625,BOC01T001,Analog,Value,Tags
,,1,2021-06-15T07:54:59.72430386Z,2021-06-15T08:54:59.72430386Z,2021-06-15T08:54:57Z,6.225,BOC01T001,Analog,Value,Tags
,,1,2021-06-15T07:54:59.72430386Z,2021-06-15T08:54:59.72430386Z,2021-06-15T08:54:58Z,6.282894736842105,BOC01T001,Analog,Value,Tags
,,1,2021-06-15T07:54:59.72430386Z,2021-06-15T08:54:59.72430386Z,2021-06-15T08:54:59Z,6.25,BOC01T001,Analog,Value,Tags
,,1,2021-06-15T07:54:59.72430386Z,2021-06-15T08:54:59.72430386Z,2021-06-15T08:54:59.72430386Z,6.215753424657534,BOC01T001,Analog,Value,Tags

